﻿<?xml version="1.0" encoding="UTF-8"?>
<?Copyright (c) Microsoft Corporation. All rights reserved.?>
<DataCollectorSet>
<Name>AOS Server Data Collector Set</Name>
<DisplayName>@%systemroot%\system32\wdc.dll,#10026</DisplayName>
<Description>@%systemroot%\system32\wdc.dll,#10027</Description>
<Keyword>CPU</Keyword>
<Keyword>Memory</Keyword>
<Keyword>Disk</Keyword>
<Keyword>Network</Keyword>
<Keyword>Performance</Keyword>
<RootPath>%systemdrive%\PerfLogs\Admin\AOS Server Data Collector Set</RootPath>
<SubdirectoryFormat>3</SubdirectoryFormat>
<SubdirectoryFormatPattern>yyyyMMdd\-NNNNNN</SubdirectoryFormatPattern>
<PerformanceCounterDataCollector>
    <Name>DYNPERF_System_Overview_and_AOS</Name>
    <SampleInterval>15</SampleInterval>
    <Counter>\Cache\Dirty Pages</Counter>
    <Counter>\Cache\Lazy Write Flushes/sec</Counter>
    <Counter>\Microsoft Dynamics AX Object Server(*)\ACTIVE SESSIONS</Counter>
    <Counter>\LogicalDisk(*)\% Free Space</Counter>
    <Counter>\LogicalDisk(*)\% Idle Time</Counter>
    <Counter>\LogicalDisk(*)\Avg. Disk Bytes/Read</Counter>
    <Counter>\LogicalDisk(*)\Avg. Disk Bytes/Transfer</Counter>
    <Counter>\LogicalDisk(*)\Avg. Disk Bytes/Write</Counter>
    <Counter>\LogicalDisk(*)\Avg. Disk Queue Length</Counter>
    <Counter>\LogicalDisk(*)\Avg. Disk sec/Read</Counter>
    <Counter>\LogicalDisk(*)\Avg. Disk sec/Transfer</Counter>
    <Counter>\LogicalDisk(*)\Avg. Disk sec/Write</Counter>
    <Counter>\LogicalDisk(*)\Current Disk Queue Length</Counter>
    <Counter>\LogicalDisk(*)\Disk Bytes/sec</Counter>
    <Counter>\LogicalDisk(*)\Disk Reads/sec</Counter>
    <Counter>\LogicalDisk(*)\Disk Transfers/sec</Counter>
    <Counter>\LogicalDisk(*)\Disk Writes/sec</Counter>
    <Counter>\LogicalDisk(*)\Free Megabytes</Counter>
    <Counter>\Memory\% Committed Bytes In Use</Counter>
    <Counter>\Memory\Available MBytes</Counter>
    <Counter>\Memory\Cache Bytes</Counter>
    <Counter>\Memory\Commit Limit</Counter>
    <Counter>\Memory\Committed Bytes</Counter>
    <Counter>\Memory\Free &amp; Zero Page List Bytes</Counter>
    <Counter>\Memory\Free System Page Table Entries</Counter>
    <Counter>\Memory\Long-Term Average Standby Cache Lifetime (s)</Counter>
    <Counter>\Memory\Pages Input/sec</Counter>
    <Counter>\Memory\Pages Output/sec</Counter>
    <Counter>\Memory\Pages/sec</Counter>
    <Counter>\Memory\Pool Nonpaged Bytes</Counter>
    <Counter>\Memory\Pool Paged Bytes</Counter>
    <Counter>\Memory\System Cache Resident Bytes</Counter>
    <Counter>\Memory\Transition Pages RePurposed/sec</Counter>
    <Counter>\Network Inspection System\Average inspection latency (sec/bytes)</Counter>
    <Counter>\Network Interface(*)\Bytes Received/sec</Counter>
    <Counter>\Network Interface(*)\Bytes Sent/sec</Counter>
    <Counter>\Network Interface(*)\Bytes Total/sec</Counter>
    <Counter>\Network Interface(*)\Current Bandwidth</Counter>
    <Counter>\Network Interface(*)\Output Queue Length</Counter>
    <Counter>\Network Interface(*)\Packets Outbound Errors</Counter>
    <Counter>\Network Interface(*)\Packets Received/sec</Counter>
    <Counter>\Network Interface(*)\Packets Sent/sec</Counter>
    <Counter>\Network Interface(*)\Packets/sec</Counter>
    <Counter>\Paging File(*)\% Usage</Counter>
    <Counter>\PhysicalDisk(*)\Avg. Disk Queue Length</Counter>
    <Counter>\PhysicalDisk(*)\Avg. Disk sec/Read</Counter>
    <Counter>\PhysicalDisk(*)\Avg. Disk sec/Write</Counter>
    <Counter>\PhysicalDisk(*)\Current Disk Queue Length</Counter>
    <Counter>\PhysicalDisk(*)\Disk Bytes/sec</Counter>
    <Counter>\Process(*)\% Privileged Time</Counter>
    <Counter>\Process(*)\% Processor Time</Counter>
    <Counter>\Process(*)\Handle Count</Counter>
    <Counter>\Process(*)\ID Process</Counter>
    <Counter>\Process(*)\IO Data Operations/sec</Counter>
    <Counter>\Process(*)\IO Other Operations/sec</Counter>
    <Counter>\Process(*)\IO Read Operations/sec</Counter>
    <Counter>\Process(*)\IO Write Operations/sec</Counter>
    <Counter>\Process(*)\Private Bytes</Counter>
    <Counter>\Process(*)\Thread Count</Counter>
    <Counter>\Process(*)\Virtual Bytes</Counter>
    <Counter>\Process(*)\Working Set</Counter>
    <Counter>\Processor Information(*)\% DPC Time</Counter>
    <Counter>\Processor Information(*)\% Interrupt Time</Counter>
    <Counter>\Processor Information(*)\% of Maximum Frequency</Counter>
    <Counter>\Processor Information(*)\% Privileged Time</Counter>
    <Counter>\Processor Information(*)\% Processor Time</Counter>
    <Counter>\Processor Information(*)\% User Time</Counter>
    <Counter>\Processor Information(*)\DPC Rate</Counter>
    <Counter>\Processor Information(*)\Parking Status</Counter>
    <Counter>\Processor(*)\% DPC Time</Counter>
    <Counter>\Processor(*)\% Interrupt Time</Counter>
    <Counter>\Processor(*)\% Privileged Time</Counter>
    <Counter>\Processor(*)\% Processor Time</Counter>
    <Counter>\Processor(*)\% User Time</Counter>
    <Counter>\Processor(*)\DPC Rate</Counter>
    <Counter>\Server\Pool Nonpaged Failures</Counter>
    <Counter>\Server\Pool Paged Failures</Counter>
    <Counter>\System\Context Switches/sec</Counter>
    <Counter>\System\Processor Queue Length</Counter>
    <Counter>\System\System Calls/sec</Counter>
    <Counter>\TCPv4\Connection Failures</Counter>
</PerformanceCounterDataCollector>
<DataManager>
    <Enabled>-1</Enabled>
    <CheckBeforeRunning>-1</CheckBeforeRunning>
    <MinFreeDisk>200</MinFreeDisk>
    <MaxSize>1024</MaxSize>
    <MaxFolderCount>100</MaxFolderCount>
    <ResourcePolicy>0</ResourcePolicy>
    <FolderAction>
        <Size>0</Size>
        <Age>1</Age>
        <Actions>3</Actions>
    </FolderAction>
    <FolderAction>
        <Size>0</Size>
        <Age>56</Age>
        <Actions>8</Actions>
    </FolderAction>
    <FolderAction>
        <Size>0</Size>
        <Age>168</Age>
        <Actions>26</Actions>
    </FolderAction>
    <ReportSchema>
        <Report name="PAL Report" version="1" threshold="100">
            <Import file="%systemroot%\pla\reports\Report.System.Common.xml"/>
            <Import file="%systemroot%\pla\reports\Report.System.Summary.xml"/>
            <Import file="%systemroot%\pla\reports\Report.System.Performance.xml"/>
            <Import file="%systemroot%\pla\reports\Report.System.CPU.xml"/>
            <Import file="%systemroot%\pla\reports\Report.System.Network.xml"/>
            <Import file="%systemroot%\pla\reports\Report.System.Disk.xml"/>
            <Import file="%systemroot%\pla\reports\Report.System.Memory.xml"/>
        </Report>
    </ReportSchema>
    <Rules>
        <Logging level="15" file="rules.log"/>
        <Import file="%systemroot%\pla\rules\Rules.System.Common.xml"/>
        <Import file="%systemroot%\pla\rules\Rules.System.Summary.xml"/>
        <Import file="%systemroot%\pla\rules\Rules.System.Performance.xml"/>
        <Import file="%systemroot%\pla\rules\Rules.System.CPU.xml"/>
        <Import file="%systemroot%\pla\rules\Rules.System.Network.xml"/>
        <Import file="%systemroot%\pla\rules\Rules.System.Disk.xml"/>
        <Import file="%systemroot%\pla\rules\Rules.System.Memory.xml"/>
    </Rules>
</DataManager>
</DataCollectorSet>